ts,src,tc,rh,co2,pm1,pm25,pm4,pm10,voc,nox,vb,flags
1787356800,local,20.5,46.0,580,,4.0,,,95,1,,0
1787356800,bedroom,19.3,49.0,573,,,,,,,3.920,0
1787356920,local,20.5,46.0,583,,4.0,,,95,1,,0
1787357040,local,20.6,46.0,586,,4.0,,,95,1,,0
1787357160,local,20.6,46.1,589,,4.0,,,95,1,,0
1787357160,bedroom,19.4,49.1,581,,,,,,,3.919,0
1787357280,local,20.6,46.1,593,,4.1,,,95,1,,0
1787357400,local,20.7,46.1,596,,4.1,,,95,1,,0
1787357400,bedroom,19.5,49.1,586,,,,,,,3.918,0
1787357520,local,20.7,46.1,599,,4.1,,,95,1,,0
1787357640,local,20.7,46.2,602,,4.1,,,95,1,,0
1787357760,local,20.8,46.2,605,,4.1,,,96,1,,0
1787357760,bedroom,19.6,49.2,594,,,,,,,3.918,0
1787357880,local,20.8,46.2,608,,4.1,,,96,1,,0
1787358000,local,20.8,46.2,611,,4.1,,,96,1,,0
1787358000,bedroom,19.6,49.2,600,,,,,,,3.917,0
1787358120,local,20.8,46.2,614,,4.1,,,96,1,,0
1787358240,local,20.9,46.3,617,,4.2,,,96,1,,0
1787358360,local,20.9,46.3,620,,4.2,,,96,1,,0
1787358360,bedroom,19.7,49.3,607,,,,,,,3.916,0
1787358480,local,20.9,46.3,623,,4.2,,,96,1,,0
1787358600,local,21.0,46.3,626,,4.2,,,96,1,,0
1787358600,bedroom,19.8,49.3,612,,,,,,,3.915,0
1787358720,local,21.0,46.4,629,,4.2,,,96,1,,0
1787358840,local,21.0,46.4,632,,4.2,,,96,1,,0
1787358960,local,21.1,46.4,635,,4.2,,,96,1,,0
1787358960,bedroom,19.9,49.4,620,,,,,,,3.914,0
1787359080,local,21.1,46.4,638,,4.3,,,96,1,,0
1787359200,local,21.1,46.4,640,,4.3,,,96,1,,0
1787359200,bedroom,19.9,49.4,624,,,,,,,3.914,0
1787359320,local,21.1,46.5,643,,4.3,,,96,1,,0
1787359440,local,21.2,46.5,646,,4.3,,,96,1,,0
1787359560,local,21.2,46.5,648,,4.3,,,97,1,,0
1787359560,bedroom,20.0,49.5,631,,,,,,,3.913,0
1787359680,local,21.2,46.5,651,,4.3,,,97,1,,0
1787359800,local,21.3,46.6,653,,4.3,,,97,1,,0
1787359800,bedroom,20.1,49.6,635,,,,,,,3.912,0
1787359920,local,21.3,46.6,656,,4.3,,,97,1,,0
1787360040,local,21.3,46.6,658,,4.4,,,97,1,,0
1787360160,local,21.3,46.6,661,,4.4,,,97,1,,0
1787360160,bedroom,20.1,49.6,641,,,,,,,3.911,0
1787360280,local,21.4,46.6,663,,4.4,,,97,1,,0
1787360400,local,21.4,46.7,665,,4.4,,,97,1,,0
1787360400,bedroom,20.2,49.7,645,,,,,,,3.911,0
1787360520,local,21.4,46.7,667,,4.4,,,97,1,,0
1787360640,local,21.5,46.7,669,,4.4,,,97,1,,0
1787360760,local,21.5,46.7,671,,4.4,,,97,1,,0
1787360760,bedroom,20.3,49.7,651,,,,,,,3.910,0
1787360880,local,21.5,46.8,673,,4.4,,,97,1,,0
1787361000,local,21.5,46.8,675,,4.5,,,97,1,,0
1787361000,bedroom,20.3,49.8,654,,,,,,,3.909,0
1787361120,local,21.6,46.8,677,,4.5,,,97,1,,0
1787361240,local,21.6,46.8,679,,4.5,,,97,1,,0
1787361360,local,21.6,46.8,681,,4.5,,,98,1,,0
1787361360,bedroom,20.4,49.8,659,,,,,,,3.908,0
1787361480,local,21.6,46.9,683,,4.5,,,98,1,,0
1787361600,local,21.7,46.9,684,,4.5,,,98,1,,0
1787361600,bedroom,20.5,49.9,662,,,,,,,3.908,0
1787361720,local,21.7,46.9,686,,4.5,,,98,1,,0
1787361840,local,21.7,46.9,687,,4.5,,,98,1,,0
1787361960,local,21.7,46.9,689,,4.6,,,98,1,,0
1787361960,bedroom,20.5,49.9,665,,,,,,,3.907,0
1787362080,local,21.8,47.0,690,,4.6,,,98,1,,0
1787362200,local,21.8,47.0,691,,4.6,,,98,1,,0
1787362200,bedroom,20.6,50.0,667,,,,,,,3.906,0
1787362320,local,21.8,47.0,692,,4.6,,,98,1,,0
1787362440,local,21.8,47.0,693,,4.6,,,98,1,,0
1787362560,local,21.8,47.1,694,,4.6,,,98,1,,0
1787362560,bedroom,20.6,50.1,670,,,,,,,3.905,0
1787362680,local,21.9,47.1,695,,4.6,,,98,1,,0
1787362800,local,21.9,47.1,696,,4.6,,,98,1,,0
1787362800,bedroom,20.7,50.1,672,,,,,,,3.905,0
1787362920,local,21.9,47.1,697,,4.6,,,98,1,,0
1787363040,local,21.9,47.1,698,,4.7,,,98,1,,0
1787363160,local,21.9,47.2,699,,4.7,,,98,1,,0
1787363160,bedroom,20.7,50.2,674,,,,,,,3.904,0
1787363280,local,22.0,47.2,699,,4.7,,,99,1,,0
1787363400,local,22.0,47.2,700,,4.7,,,99,1,,0
1787363400,bedroom,20.8,50.2,675,,,,,,,3.903,0
1787363520,local,22.0,47.2,700,,4.7,,,99,1,,0
1787363640,local,22.0,47.2,701,,4.7,,,99,1,,0
1787363760,local,22.0,47.3,701,,4.7,,,99,1,,0
1787363760,bedroom,20.8,50.3,676,,,,,,,3.902,0
1787363880,local,22.0,47.3,701,,4.7,,,99,1,,0
1787364000,local,22.1,47.3,702,,4.7,,,99,1,,0
1787364000,bedroom,20.9,50.3,676,,,,,,,3.902,0
1787364120,local,22.1,47.3,702,,4.8,,,99,1,,0
1787364240,local,22.1,47.4,702,,4.8,,,99,1,,0
1787364360,local,22.1,47.4,702,,4.8,,,99,1,,0
1787364360,bedroom,20.9,50.4,677,,,,,,,3.901,0
1787364480,local,22.1,47.4,702,,4.8,,,99,1,,0
1787364600,local,22.1,47.4,702,,4.8,,,99,1,,0
1787364600,bedroom,20.9,50.4,677,,,,,,,3.900,0
1787364720,local,22.1,47.4,702,,4.8,,,99,1,,0
1787364840,local,22.2,47.5,701,,4.8,,,99,1,,0
1787364960,local,22.2,47.5,701,,4.8,,,99,1,,0
1787364960,bedroom,21.0,50.5,676,,,,,,,3.899,0
1787365080,local,22.2,47.5,701,,4.8,,,99,1,,0
1787365200,local,22.2,47.5,700,,4.8,,,99,1,,0
1787365200,bedroom,21.0,50.5,675,,,,,,,3.899,0
1787365320,local,22.2,47.5,700,,4.9,,,100,1,,0
1787365440,local,22.2,47.6,700,,4.9,,,100,1,,0
1787365560,local,22.2,47.6,699,,4.9,,,100,1,,0
1787365560,bedroom,21.0,50.6,674,,,,,,,3.898,0
1787365680,local,22.2,47.6,698,,4.9,,,100,1,,0
1787365800,local,22.2,47.6,698,,4.9,,,100,1,,0
1787365800,bedroom,21.0,50.6,673,,,,,,,3.897,0
1787365920,local,22.2,47.6,697,,4.9,,,100,1,,0
1787366040,local,22.3,47.7,696,,4.9,,,100,1,,0
1787366160,local,22.3,47.7,696,,4.9,,,100,1,,0
1787366160,bedroom,21.1,50.7,671,,,,,,,3.896,0
1787366280,local,22.3,47.7,695,,4.9,,,100,1,,0
1787366400,local,22.3,47.7,694,,4.9,,,100,1,,0
1787366400,bedroom,21.1,50.7,670,,,,,,,3.896,0
1787366520,local,22.3,47.7,693,,4.9,,,100,1,,0
1787366640,local,22.3,47.8,692,,4.9,,,100,1,,0
1787366760,local,22.3,47.8,691,,5.0,,,100,1,,0
1787366760,bedroom,21.1,50.8,668,,,,,,,3.895,0
1787366880,local,22.3,47.8,690,,5.0,,,100,1,,0
1787367000,local,22.3,47.8,689,,5.0,,,100,1,,0
1787367000,bedroom,21.1,50.8,666,,,,,,,3.894,0
1787367120,local,22.3,47.8,688,,5.0,,,100,1,,0
1787367240,local,22.3,47.9,687,,5.0,,,100,1,,0
1787367360,local,22.3,47.9,686,,5.0,,,101,1,,0
1787367360,bedroom,21.1,50.9,663,,,,,,,3.893,0
1787367480,local,22.3,47.9,685,,5.0,,,101,1,,0
1787367600,local,22.3,47.9,684,,5.0,,,101,1,,0
1787367600,bedroom,21.1,50.9,661,,,,,,,3.893,0
1787367720,local,22.3,47.9,683,,5.0,,,101,1,,0
1787367840,local,22.3,48.0,682,,5.0,,,101,1,,0
1787367960,local,22.3,48.0,680,,5.0,,,101,1,,0
1787367960,bedroom,21.1,51.0,658,,,,,,,3.892,0
1787368080,local,22.3,48.0,679,,5.0,,,101,1,,0
1787368200,local,22.3,48.0,678,,5.0,,,101,1,,0
1787368200,bedroom,21.1,51.0,656,,,,,,,3.891,0
1787368320,local,22.3,48.0,677,,5.1,,,101,1,,0
1787368440,local,22.3,48.1,676,,5.1,,,101,1,,0
1787368560,local,22.3,48.1,675,,5.1,,,101,1,,0
1787368560,bedroom,21.1,51.1,653,,,,,,,3.890,0
1787368680,local,22.3,48.1,673,,5.1,,,101,1,,0
1787368800,local,22.3,48.1,672,,5.1,,,101,1,,0
1787368800,bedroom,21.1,51.1,651,,,,,,,3.889,0
1787368920,local,22.3,48.1,671,,5.1,,,101,1,,0
1787369040,local,22.3,48.1,670,,5.1,,,101,1,,0
1787369160,local,22.3,48.2,669,,5.1,,,101,1,,0
1787369160,bedroom,21.1,51.2,648,,,,,,,3.889,0
1787369280,local,22.2,48.2,668,,5.1,,,101,1,,0
1787369400,local,22.2,48.2,666,,5.1,,,101,1,,0
1787369400,bedroom,21.0,51.2,646,,,,,,,3.888,0
1787369520,local,22.2,48.2,665,,5.1,,,101,1,,0
1787369640,local,22.2,48.2,664,,5.1,,,102,1,,0
1787369760,local,22.2,48.3,663,,5.1,,,102,1,,0
1787369760,bedroom,21.0,51.3,644,,,,,,,3.887,0
1787369880,local,22.2,48.3,662,,5.1,,,102,1,,0
1787370000,local,22.2,48.3,661,,5.1,,,102,1,,0
1787370000,bedroom,21.0,51.3,642,,,,,,,3.886,0
1787370120,local,22.2,48.3,660,,5.1,,,102,1,,0
1787370240,local,22.2,48.3,659,,5.1,,,102,1,,0
1787370360,local,22.2,48.3,658,,5.1,,,102,1,,0
1787370360,bedroom,21.0,51.3,639,,,,,,,3.885,0
1787370480,local,22.1,48.4,657,,5.1,,,102,1,,0
1787370600,local,22.1,48.4,656,,5.1,,,102,1,,0
1787370600,bedroom,20.9,51.4,638,,,,,,,3.885,0
1787370720,local,22.1,48.4,655,,5.2,,,102,1,,0
1787370840,local,22.1,48.4,655,,5.2,,,102,1,,0
1787370960,local,22.1,48.4,654,,5.2,,,102,1,,0
1787370960,bedroom,20.9,51.4,636,,,,,,,3.884,0
1787371080,local,22.1,48.5,653,,5.2,,,102,1,,0
1787371200,local,22.1,48.5,652,,5.2,,,102,1,,0
1787371200,bedroom,20.9,51.5,635,,,,,,,3.883,0
1787371320,local,22.0,48.5,652,,5.2,,,102,1,,0
1787371440,local,22.0,48.5,651,,5.2,,,102,1,,0
1787371560,local,22.0,48.5,651,,5.2,,,102,1,,0
1787371560,bedroom,20.8,51.5,633,,,,,,,3.882,0
1787371680,local,22.0,48.5,650,,5.2,,,102,1,,0
1787371800,local,22.0,48.6,650,,5.2,,,102,1,,0
1787371800,bedroom,20.8,51.6,632,,,,,,,3.882,0
1787371920,local,22.0,48.6,649,,5.2,,,102,1,,0
1787372040,local,21.9,48.6,649,,5.2,,,102,1,,0
1787372160,local,21.9,48.6,648,,5.2,,,103,1,,0
1787372160,bedroom,20.7,51.6,631,,,,,,,3.881,0
1787372280,local,21.9,48.6,648,,5.2,,,103,1,,0
1787372400,local,21.9,48.6,648,,5.2,,,103,1,,0
1787372400,bedroom,20.7,51.6,631,,,,,,,3.880,0
1787372520,local,21.9,48.7,648,,5.2,,,103,1,,0
1787372640,local,21.8,48.7,648,,5.2,,,103,1,,0
1787372760,local,21.8,48.7,648,,5.2,,,103,1,,0
1787372760,bedroom,20.6,51.7,630,,,,,,,3.879,0
1787372880,local,21.8,48.7,648,,5.2,,,103,1,,0
1787373000,local,21.8,48.7,648,,5.2,,,103,1,,0
1787373000,bedroom,20.6,51.7,631,,,,,,,3.879,0
1787373120,local,21.8,48.7,648,,5.2,,,103,1,,0
1787373240,local,21.7,48.8,648,,5.2,,,103,1,,0
1787373360,local,21.7,48.8,648,,5.2,,,103,1,,0
1787373360,bedroom,20.5,51.8,631,,,,,,,3.878,0
1787373480,local,21.7,48.8,648,,5.2,,,103,1,,0
1787373600,local,21.7,48.8,649,,5.2,,,103,1,,0
1787373600,bedroom,20.5,51.8,631,,,,,,,3.877,0
1787373720,local,21.6,48.8,649,,5.2,,,103,1,,0
1787373840,local,21.6,48.8,650,,5.2,,,103,1,,0
1787373960,local,21.6,48.9,650,,5.2,,,103,1,,0
1787373960,bedroom,20.4,51.9,633,,,,,,,3.876,0
1787374080,local,21.6,48.9,651,,5.2,,,103,1,,0
1787374200,local,21.5,48.9,651,,5.2,,,103,1,,0
1787374200,bedroom,20.3,51.9,634,,,,,,,3.876,0
1787374320,local,21.5,48.9,652,,5.2,,,103,1,,0
1787374440,local,21.5,48.9,653,,5.2,,,103,1,,0
1787374560,local,21.5,48.9,654,,5.2,,,103,1,,0
1787374560,bedroom,20.3,51.9,636,,,,,,,3.875,0
1787374680,local,21.4,48.9,654,,5.2,,,103,1,,0
1787374800,local,21.4,49.0,655,,5.2,,,103,1,,0
1787374800,bedroom,20.2,52.0,637,,,,,,,3.874,0
1787374920,local,21.4,49.0,656,,5.2,,,103,1,,0
1787375040,local,21.3,49.0,657,,5.2,,,103,1,,0
1787375160,local,21.3,49.0,658,,5.2,,,104,1,,0
1787375160,bedroom,20.1,52.0,640,,,,,,,3.873,0
1787375280,local,21.3,49.0,659,,5.2,,,104,1,,0
1787375400,local,21.3,49.0,661,,5.2,,,104,1,,0
1787375400,bedroom,20.1,52.0,642,,,,,,,3.873,0
1787375520,local,21.2,49.0,662,,5.2,,,104,1,,0
1787375640,local,21.2,49.1,663,,5.2,,,104,1,,0
1787375760,local,21.2,49.1,664,,5.2,,,104,1,,0
1787375760,bedroom,20.0,52.1,645,,,,,,,3.872,0
1787375880,local,21.1,49.1,666,,5.2,,,104,1,,0
1787376000,local,21.1,49.1,667,,5.2,,,104,1,,0
1787376000,bedroom,19.9,52.1,647,,,,,,,3.871,0
1787376120,local,21.1,49.1,669,,5.2,,,104,1,,0
1787376240,local,21.1,49.1,670,,5.2,,,104,1,,0
1787376360,local,21.0,49.1,672,,5.2,,,104,1,,0
1787376360,bedroom,19.8,52.1,651,,,,,,,3.870,0
1787376480,local,21.0,49.2,673,,5.2,,,104,1,,0
1787376600,local,21.0,49.2,675,,5.2,,,104,1,,0
1787376600,bedroom,19.8,52.2,654,,,,,,,3.870,0
1787376720,local,20.9,49.2,677,,5.2,,,104,1,,0
1787376840,local,20.9,49.2,678,,5.2,,,104,1,,0
1787376960,local,20.9,49.2,680,,5.1,,,104,1,,0
1787376960,bedroom,19.7,52.2,658,,,,,,,3.869,0
1787377080,local,20.8,49.2,682,,5.1,,,104,1,,0
1787377200,local,20.8,49.2,684,,5.1,,,104,1,,0
1787377200,bedroom,19.6,52.2,661,,,,,,,3.868,0
1787377320,local,20.8,49.3,685,,5.1,,,104,1,,0
1787377440,local,20.8,49.3,687,,5.1,,,104,1,,0
1787377560,local,20.7,49.3,689,,5.1,,,104,1,,0
1787377560,bedroom,19.5,52.3,666,,,,,,,3.867,0
1787377680,local,20.7,49.3,691,,5.1,,,104,1,,0
1787377800,local,20.7,49.3,693,,5.1,,,104,1,,0
1787377800,bedroom,19.5,52.3,669,,,,,,,3.867,0
1787377920,local,20.6,49.3,695,,5.1,,,104,1,,0
1787378040,local,20.6,49.3,697,,5.1,,,104,1,,0
1787378160,local,20.6,49.3,699,,5.1,,,104,1,,0
1787378160,bedroom,19.4,52.3,674,,,,,,,3.866,0
1787378280,local,20.5,49.4,701,,5.1,,,104,1,,0
1787378400,local,20.5,49.4,703,,5.1,,,104,1,,0
1787378400,bedroom,19.3,52.4,677,,,,,,,3.865,0
1787378520,local,20.5,49.4,705,,5.1,,,104,1,,0
1787378640,local,20.4,49.4,707,,5.1,,,104,1,,0
1787378760,local,20.4,49.4,709,,5.1,,,104,1,,0
1787378760,bedroom,19.2,52.4,683,,,,,,,3.864,0
1787378880,local,20.4,49.4,711,,5.1,,,104,1,,0
1787379000,local,20.3,49.4,713,,5.1,,,104,1,,0
1787379000,bedroom,19.1,52.4,686,,,,,,,3.863,0
1787379120,local,20.3,49.4,715,,5.1,,,104,1,,0
1787379240,local,20.3,49.4,717,,5.0,,,104,1,,0
1787379360,local,20.2,49.5,719,,5.0,,,105,1,,0
1787379360,bedroom,19.0,52.5,691,,,,,,,3.863,0
1787379480,local,20.2,49.5,721,,5.0,,,105,1,,0
1787379600,local,20.2,49.5,723,,5.0,,,105,1,,0
1787379600,bedroom,19.0,52.5,695,,,,,,,3.862,0
1787379720,local,20.2,49.5,725,,5.0,,,105,1,,0
1787379840,local,20.1,49.5,727,,5.0,,,105,1,,0
1787379960,local,20.1,49.5,729,,5.0,,,105,1,,0
1787379960,bedroom,18.9,52.5,700,,,,,,,3.861,0
1787380080,local,20.1,49.5,731,,5.0,,,105,1,,0
1787380200,local,20.0,49.5,733,,5.0,,,105,1,,0
1787380200,bedroom,18.8,52.5,703,,,,,,,3.860,0
1787380320,local,20.0,49.5,735,,5.0,,,105,1,,0
1787380440,local,20.0,49.6,736,,5.0,,,105,1,,0
1787380560,local,19.9,49.6,738,,5.0,,,105,1,,0
1787380560,bedroom,18.7,52.6,708,,,,,,,3.859,0
1787380680,local,19.9,49.6,740,,5.0,,,105,1,,0
1787380800,local,19.9,49.6,742,,5.0,,,105,1,,0
1787380800,bedroom,18.7,52.6,711,,,,,,,3.859,0
1787380920,local,19.9,49.6,744,,4.9,,,105,1,,0
1787381040,local,19.8,49.6,745,,4.9,,,105,1,,0
1787381160,local,19.8,49.6,747,,4.9,,,105,1,,0
1787381160,bedroom,18.6,52.6,715,,,,,,,3.858,0
1787381280,local,19.8,49.6,748,,4.9,,,105,1,,0
1787381400,local,19.7,49.6,750,,4.9,,,105,1,,0
1787381400,bedroom,18.5,52.6,718,,,,,,,3.857,0
1787381520,local,19.7,49.6,752,,4.9,,,105,1,,0
1787381640,local,19.7,49.7,753,,4.9,,,105,1,,0
1787381760,local,19.7,49.7,754,,4.9,,,105,1,,0
1787381760,bedroom,18.5,52.7,721,,,,,,,3.856,0
1787381880,local,19.6,49.7,756,,4.9,,,105,1,,0
1787382000,local,19.6,49.7,757,,4.9,,,105,1,,0
1787382000,bedroom,18.4,52.7,724,,,,,,,3.856,0
1787382120,local,19.6,49.7,758,,4.9,,,105,1,,0
1787382240,local,19.5,49.7,760,,4.8,,,105,1,,0
1787382360,local,19.5,49.7,761,,4.8,,,105,1,,0
1787382360,bedroom,18.3,52.7,727,,,,,,,3.855,0
1787382480,local,19.5,49.7,762,,4.8,,,105,1,,0
1787382600,local,19.5,49.7,763,,4.8,,,105,1,,0
1787382600,bedroom,18.3,52.7,729,,,,,,,3.854,0
1787382720,local,19.4,49.7,764,,4.8,,,105,1,,0
1787382840,local,19.4,49.7,765,,4.8,,,105,1,,0
1787382960,local,19.4,49.7,766,,4.8,,,105,1,,0
1787382960,bedroom,18.2,52.7,731,,,,,,,3.853,0
1787383080,local,19.4,49.8,767,,4.8,,,105,1,,0
1787383200,local,19.3,49.8,767,,4.8,,,105,1,,0
1787383200,bedroom,18.1,52.8,732,,,,,,,3.853,0
1787383320,local,19.3,49.8,768,,4.8,,,105,1,,0
1787383440,local,19.3,49.8,769,,4.7,,,105,1,,0
1787383560,local,19.3,49.8,769,,4.7,,,105,1,,0
1787383560,bedroom,18.1,52.8,734,,,,,,,3.852,0
1787383680,local,19.2,49.8,769,,4.7,,,105,1,,0
1787383800,local,19.2,49.8,770,,4.7,,,105,1,,0
1787383800,bedroom,18.0,52.8,734,,,,,,,3.851,0
1787383920,local,19.2,49.8,770,,4.7,,,105,1,,0
1787384040,local,19.2,49.8,770,,4.7,,,105,1,,0
1787384160,local,19.2,49.8,771,,4.7,,,105,1,,0
1787384160,bedroom,18.0,52.8,735,,,,,,,3.850,0
1787384280,local,19.1,49.8,771,,4.7,,,105,1,,0
1787384400,local,19.1,49.8,771,,4.7,,,105,1,,0
1787384400,bedroom,17.9,52.8,735,,,,,,,3.850,0
1787384520,local,19.1,49.8,771,,4.7,,,105,1,,0
1787384640,local,19.1,49.8,770,,4.6,,,105,1,,0
1787384760,local,19.1,49.8,770,,4.6,,,105,1,,0
1787384760,bedroom,17.9,52.8,735,,,,,,,3.849,0
1787384880,local,19.0,49.9,770,,4.6,,,105,1,,0
1787385000,local,19.0,49.9,770,,4.6,,,105,1,,0
1787385000,bedroom,17.8,52.9,734,,,,,,,3.848,0
1787385120,local,19.0,49.9,769,,4.6,,,105,1,,0
1787385240,local,19.0,49.9,769,,4.6,,,105,1,,0
1787385360,local,19.0,49.9,768,,4.6,,,105,1,,0
1787385360,bedroom,17.8,52.9,733,,,,,,,3.847,0
1787385480,local,19.0,49.9,767,,4.6,,,105,1,,0
1787385600,local,18.9,49.9,767,,4.5,,,105,1,,0
1787385600,bedroom,17.7,52.9,732,,,,,,,3.847,0
1787385720,local,18.9,49.9,766,,4.5,,,105,1,,0
1787385840,local,18.9,49.9,765,,4.5,,,105,1,,0
1787385960,local,18.9,49.9,764,,4.5,,,105,1,,0
1787385960,bedroom,17.7,52.9,729,,,,,,,3.846,0
1787386080,local,18.9,49.9,763,,4.5,,,105,1,,0
1787386200,local,18.9,49.9,762,,4.5,,,105,1,,0
1787386200,bedroom,17.7,52.9,728,,,,,,,3.845,0
1787386320,local,18.9,49.9,761,,4.5,,,105,1,,0
1787386440,local,18.8,49.9,759,,4.5,,,105,1,,0
1787386560,local,18.8,49.9,758,,4.5,,,105,1,,0
1787386560,bedroom,17.6,52.9,724,,,,,,,3.844,0
1787386680,local,18.8,49.9,757,,4.4,,,105,1,,0
1787386800,local,18.8,49.9,755,,4.4,,,105,1,,0
1787386800,bedroom,17.6,52.9,722,,,,,,,3.844,0
1787386920,local,18.8,49.9,754,,4.4,,,105,1,,0
1787387040,local,18.8,49.9,752,,4.4,,,105,1,,0
1787387160,local,18.8,49.9,750,,4.4,,,105,1,,0
1787387160,bedroom,17.6,52.9,718,,,,,,,3.843,0
1787387280,local,18.8,49.9,749,,4.4,,,105,1,,0
1787387400,local,18.8,50.0,747,,4.4,,,105,1,,0
1787387400,bedroom,17.6,53.0,715,,,,,,,3.842,0
1787387520,local,18.8,50.0,745,,4.4,,,105,1,,0
1787387640,local,18.7,50.0,743,,4.3,,,105,1,,0
1787387760,local,18.7,50.0,741,,4.3,,,105,1,,0
1787387760,bedroom,17.5,53.0,710,,,,,,,3.841,0
1787387880,local,18.7,50.0,739,,4.3,,,105,1,,0
1787388000,local,18.7,50.0,737,,4.3,,,105,1,,0
1787388000,bedroom,17.5,53.0,707,,,,,,,3.841,0
1787388120,local,18.7,50.0,735,,4.3,,,105,1,,0
1787388240,local,18.7,50.0,733,,4.3,,,105,1,,0
1787388360,local,18.7,50.0,731,,4.3,,,105,1,,0
1787388360,bedroom,17.5,53.0,701,,,,,,,3.840,0
1787388480,local,18.7,50.0,728,,4.2,,,105,1,,0
1787388600,local,18.7,50.0,726,,4.2,,,105,1,,0
1787388600,bedroom,17.5,53.0,697,,,,,,,3.839,0
1787388720,local,18.7,50.0,724,,4.2,,,105,1,,0
1787388840,local,18.7,50.0,721,,4.2,,,105,1,,0
1787388960,local,18.7,50.0,719,,4.2,,,105,1,,0
1787388960,bedroom,17.5,53.0,691,,,,,,,3.838,0
1787389080,local,18.7,50.0,716,,4.2,,,105,1,,0
1787389200,local,18.7,50.0,714,,4.2,,,105,1,,0
1787389200,bedroom,17.5,53.0,687,,,,,,,3.837,0
1787389320,local,18.7,50.0,711,,4.2,,,105,1,,0
1787389440,local,18.7,50.0,708,,4.1,,,105,1,,0
1787389560,local,18.7,50.0,706,,4.1,,,105,1,,0
1787389560,bedroom,17.5,53.0,680,,,,,,,3.837,0
1787389680,local,18.7,50.0,703,,4.1,,,105,1,,0
1787389800,local,18.7,50.0,700,,4.1,,,105,1,,0
1787389800,bedroom,17.5,53.0,675,,,,,,,3.836,0
1787389920,local,18.7,50.0,698,,4.1,,,105,1,,0
1787390040,local,18.7,50.0,695,,4.1,,,105,1,,0
1787390160,local,18.7,50.0,692,,4.1,,,105,1,,0
1787390160,bedroom,17.5,53.0,668,,,,,,,3.835,0
1787390280,local,18.7,50.0,690,,4.0,,,105,1,,0
1787390400,local,18.7,50.0,687,,4.0,,,105,1,,0
1787390400,bedroom,17.5,53.0,664,,,,,,,3.834,0
1787390520,local,18.7,50.0,684,,4.0,,,105,1,,0
1787390640,local,18.7,50.0,681,,4.0,,,105,1,,0
1787390760,local,18.7,50.0,678,,4.0,,,105,1,,0
1787390760,bedroom,17.5,53.0,657,,,,,,,3.834,0
1787390880,local,18.8,50.0,675,,4.0,,,104,1,,0
1787391000,local,18.8,50.0,673,,4.0,,,104,1,,0
1787391000,bedroom,17.6,53.0,652,,,,,,,3.833,0
1787391120,local,18.8,50.0,670,,4.0,,,104,1,,0
1787391240,local,18.8,50.0,667,,3.9,,,104,1,,0
1787391360,local,18.8,50.0,664,,3.9,,,104,1,,0
1787391360,bedroom,17.6,53.0,644,,,,,,,3.832,0
1787391480,local,18.8,50.0,661,,3.9,,,104,1,,0
1787391600,local,18.8,50.0,658,,3.9,,,104,1,,0
1787391600,bedroom,17.6,53.0,640,,,,,,,3.831,0
1787391720,local,18.8,50.0,656,,3.9,,,104,1,,0
1787391840,local,18.8,50.0,653,,3.9,,,104,1,,0
1787391960,local,18.8,50.0,650,,3.9,,,104,1,,0
1787391960,bedroom,17.6,53.0,633,,,,,,,3.830,0
1787392080,local,18.9,50.0,647,,3.9,,,104,1,,0
1787392200,local,18.9,50.0,645,,3.8,,,104,1,,0
1787392200,bedroom,17.7,53.0,628,,,,,,,3.830,0
1787392320,local,18.9,50.0,642,,3.8,,,104,1,,0
1787392440,local,18.9,50.0,639,,3.8,,,104,1,,0
1787392560,local,18.9,50.0,636,,3.8,,,104,1,,0
1787392560,bedroom,17.7,53.0,621,,,,,,,3.829,0
1787392680,local,18.9,50.0,634,,3.8,,,104,1,,0
1787392800,local,18.9,50.0,631,,3.8,,,104,1,,0
1787392800,bedroom,17.7,53.0,616,,,,,,,3.828,0
1787392920,local,19.0,50.0,629,,3.8,,,104,1,,0
1787393040,local,19.0,50.0,626,,3.7,,,104,1,,0
1787393160,local,19.0,50.0,623,,3.7,,,104,1,,0
1787393160,bedroom,17.8,53.0,610,,,,,,,3.827,0
1787393280,local,19.0,50.0,621,,3.7,,,104,1,,0
1787393400,local,19.0,50.0,619,,3.7,,,104,1,,0
1787393400,bedroom,17.8,53.0,606,,,,,,,3.827,0
1787393520,local,19.0,50.0,616,,3.7,,,104,1,,0
1787393640,local,19.1,50.0,614,,3.7,,,104,1,,0
1787393760,local,19.1,50.0,611,,3.7,,,104,1,,0
1787393760,bedroom,17.9,53.0,600,,,,,,,3.826,0
1787393880,local,19.1,50.0,609,,3.7,,,104,1,,0
1787394000,local,19.1,50.0,607,,3.6,,,104,1,,0
1787394000,bedroom,17.9,53.0,596,,,,,,,3.825,0
1787394120,local,19.1,50.0,605,,3.6,,,104,1,,0
1787394240,local,19.2,49.9,603,,3.6,,,104,1,,0
1787394360,local,19.2,49.9,600,,3.6,,,104,1,,0
1787394360,bedroom,18.0,52.9,590,,,,,,,3.824,0
1787394480,local,19.2,49.9,598,,3.6,,,104,1,,0
1787394600,local,19.2,49.9,596,,3.6,,,104,1,,0
1787394600,bedroom,18.0,52.9,587,,,,,,,3.824,0
1787394720,local,19.2,49.9,594,,3.6,,,104,1,,0
1787394840,local,19.3,49.9,593,,3.6,,,104,1,,0
1787394960,local,19.3,49.9,591,,3.5,,,104,1,,0
1787394960,bedroom,18.1,52.9,582,,,,,,,3.823,0
1787395080,local,19.3,49.9,589,,3.5,,,103,1,,0
1787395200,local,19.3,49.9,587,,3.5,,,103,1,,0
1787395200,bedroom,18.1,52.9,579,,,,,,,3.822,0
1787395320,local,19.4,49.9,586,,3.5,,,103,1,,0
1787395440,local,19.4,49.9,584,,3.5,,,103,1,,0
1787395560,local,19.4,49.9,582,,3.5,,,103,1,,0
1787395560,bedroom,18.2,52.9,575,,,,,,,3.821,0
1787395680,local,19.4,49.9,581,,3.5,,,103,1,,0
1787395800,local,19.5,49.9,580,,3.5,,,103,1,,0
1787395800,bedroom,18.3,52.9,573,,,,,,,3.821,0
1787395920,local,19.5,49.9,578,,3.4,,,103,1,,0
1787396040,local,19.5,49.9,577,,3.4,,,103,1,,0
1787396160,local,19.5,49.9,576,,3.4,,,103,1,,0
1787396160,bedroom,18.3,52.9,569,,,,,,,3.820,0
1787396280,local,19.6,49.9,575,,3.4,,,103,1,,0
1787396400,local,19.6,49.9,573,,3.4,,,103,1,,0
1787396400,bedroom,18.4,52.9,567,,,,,,,3.819,0
1787396520,local,19.6,49.9,572,,3.4,,,103,1,,0
1787396640,local,19.7,49.9,571,,3.4,,,103,1,,0
1787396760,local,19.7,49.8,571,,3.4,,,103,1,,0
1787396760,bedroom,18.5,52.8,565,,,,,,,3.818,0
1787396880,local,19.7,49.8,570,,3.4,,,103,1,,0
1787397000,local,19.7,49.8,569,,3.3,,,103,1,,0
1787397000,bedroom,18.5,52.8,564,,,,,,,3.818,0
1787397120,local,19.8,49.8,568,,3.3,,,103,1,,0
1787397240,local,19.8,49.8,567,,3.3,,,103,1,,0
1787397360,local,19.8,49.8,567,,3.3,,,103,1,,0
1787397360,bedroom,18.6,52.8,562,,,,,,,3.817,0
1787397480,local,19.9,49.8,566,,3.3,,,103,1,,0
1787397600,local,19.9,49.8,566,,3.3,,,103,1,,0
1787397600,bedroom,18.7,52.8,561,,,,,,,3.816,0
1787397720,local,19.9,49.8,565,,3.3,,,103,1,,0
1787397840,local,19.9,49.8,565,,3.3,,,103,1,,0
1787397960,local,20.0,49.8,565,,3.3,,,103,1,,0
1787397960,bedroom,18.8,52.8,560,,,,,,,3.815,0
1787398080,local,20.0,49.8,565,,3.2,,,103,1,,0
1787398200,local,20.0,49.8,564,,3.2,,,102,1,,0
1787398200,bedroom,18.8,52.8,560,,,,,,,3.815,0
1787398320,local,20.1,49.8,564,,3.2,,,102,1,,0
1787398440,local,20.1,49.7,564,,3.2,,,102,1,,0
1787398560,local,20.1,49.7,564,,3.2,,,102,1,,0
1787398560,bedroom,18.9,52.7,560,,,,,,,3.814,0
1787398680,local,20.2,49.7,564,,3.2,,,102,1,,0
1787398800,local,20.2,49.7,564,,3.2,,,102,1,,0
1787398800,bedroom,19.0,52.7,560,,,,,,,3.813,0
1787398920,local,20.2,49.7,564,,3.2,,,102,1,,0
1787399040,local,20.2,49.7,565,,3.2,,,102,1,,0
1787399160,local,20.3,49.7,565,,3.2,,,102,1,,0
1787399160,bedroom,19.1,52.7,560,,,,,,,3.812,0
1787399280,local,20.3,49.7,565,,3.1,,,102,1,,0
1787399400,local,20.3,49.7,565,,3.1,,,102,1,,0
1787399400,bedroom,19.1,52.7,561,,,,,,,3.812,0
1787399520,local,20.4,49.7,566,,3.1,,,102,1,,0
1787399640,local,20.4,49.7,566,,3.1,,,102,1,,0
1787399760,local,20.4,49.7,567,,3.1,,,102,1,,0
1787399760,bedroom,19.2,52.7,562,,,,,,,3.811,0
1787399880,local,20.5,49.6,567,,3.1,,,102,1,,0
1787400000,local,20.5,49.6,568,,3.1,,,102,1,,0
1787400000,bedroom,19.3,52.6,562,,,,,,,3.810,0
1787400120,local,20.5,49.6,568,,3.1,,,102,1,,0
1787400240,local,20.6,49.6,569,,3.1,,,102,1,,0
1787400360,local,20.6,49.6,569,,3.1,,,102,1,,0
1787400360,bedroom,19.4,52.6,564,,,,,,,3.809,0
1787400480,local,20.6,49.6,570,,3.1,,,102,1,,0
1787400600,local,20.7,49.6,571,,3.0,,,102,1,,0
1787400600,bedroom,19.5,52.6,565,,,,,,,3.808,0
1787400720,local,20.7,49.6,571,,3.0,,,101,1,,0
1787400840,local,20.7,49.6,572,,3.0,,,101,1,,0
1787400960,local,20.8,49.6,573,,3.0,,,101,1,,0
1787400960,bedroom,19.6,52.6,567,,,,,,,3.808,0
1787401080,local,20.8,49.5,574,,3.0,,,101,1,,0
1787401200,local,20.8,49.5,574,,3.0,,,101,1,,0
1787401200,bedroom,19.6,52.5,568,,,,,,,3.807,0
1787401320,local,20.8,49.5,575,,3.0,,,101,1,,0
1787401440,local,20.9,49.5,576,,3.0,,,101,1,,0
1787401560,local,20.9,49.5,577,,3.0,,,101,1,,0
1787401560,bedroom,19.7,52.5,570,,,,,,,3.806,0
1787401680,local,20.9,49.5,578,,3.0,,,101,1,,0
1787401800,local,21.0,49.5,578,,3.0,,,101,1,,0
1787401800,bedroom,19.8,52.5,572,,,,,,,3.805,0
1787401920,local,21.0,49.5,579,,3.0,,,101,1,,0
1787402040,local,21.0,49.5,580,,3.0,,,101,1,,0
1787402160,local,21.1,49.5,581,,3.0,,,101,1,,0
1787402160,bedroom,19.9,52.5,574,,,,,,,3.804,0
1787402280,local,21.1,49.4,582,,2.9,,,101,1,,0
1787402400,local,21.1,49.4,582,,2.9,,,101,1,,0
1787402400,bedroom,19.9,52.4,575,,,,,,,3.804,0
1787402520,local,21.1,49.4,583,,2.9,,,101,1,,0
1787402640,local,21.2,49.4,584,,2.9,,,101,1,,0
1787402760,local,21.2,49.4,585,,2.9,,,101,1,,0
1787402760,bedroom,20.0,52.4,577,,,,,,,3.803,0
1787402880,local,21.2,49.4,586,,2.9,,,100,1,,0
1787403000,local,21.3,49.4,586,,2.9,,,100,1,,0
1787403000,bedroom,20.1,52.4,579,,,,,,,3.802,0
1787403120,local,21.3,49.4,587,,2.9,,,100,1,,0
1787403240,local,21.3,49.3,588,,2.9,,,100,1,,0
1787403360,local,21.3,49.3,589,,2.9,,,100,1,,0
1787403360,bedroom,20.1,52.3,580,,,,,,,3.801,0
1787403480,local,21.4,49.3,589,,2.9,,,100,1,,0
1787403600,local,21.4,49.3,590,,2.9,,,100,1,,0
1787403600,bedroom,20.2,52.3,582,,,,,,,3.801,0
1787403720,local,21.4,49.3,591,,2.9,,,100,1,,0
1787403840,local,21.5,49.3,591,,2.9,,,100,1,,0
1787403960,local,21.5,49.3,592,,2.9,,,100,1,,0
1787403960,bedroom,20.3,52.3,583,,,,,,,3.800,0
1787404080,local,21.5,49.3,592,,2.9,,,100,1,,0
1787404200,local,21.5,49.2,593,,2.9,,,100,1,,0
1787404200,bedroom,20.3,52.2,584,,,,,,,3.799,0
1787404320,local,21.6,49.2,593,,2.9,,,100,1,,0
1787404440,local,21.6,49.2,594,,2.9,,,100,1,,0
1787404560,local,21.6,49.2,594,,2.9,,,100,1,,0
1787404560,bedroom,20.4,52.2,585,,,,,,,3.798,0
1787404680,local,21.6,49.2,595,,2.8,,,100,1,,0
1787404800,local,21.7,49.2,595,,2.8,,,100,1,,0
1787404800,bedroom,20.5,52.2,586,,,,,,,3.798,0
1787404920,local,21.7,49.2,595,,2.8,,,100,1,,0
1787405040,local,21.7,49.2,595,,2.8,,,99,1,,0
1787405160,local,21.7,49.1,596,,2.8,,,99,1,,0
1787405160,bedroom,20.5,52.1,586,,,,,,,3.797,0
1787405280,local,21.8,49.1,596,,2.8,,,99,1,,0
1787405400,local,21.8,49.1,596,,2.8,,,99,1,,0
1787405400,bedroom,20.6,52.1,586,,,,,,,3.796,0
1787405520,local,21.8,49.1,596,,2.8,,,99,1,,0
1787405640,local,21.8,49.1,596,,2.8,,,99,1,,0
1787405760,local,21.8,49.1,596,,2.8,,,99,1,,0
1787405760,bedroom,20.6,52.1,586,,,,,,,3.795,0
1787405880,local,21.9,49.1,596,,2.8,,,99,1,,0
1787406000,local,21.9,49.0,595,,2.8,,,99,1,,0
1787406000,bedroom,20.7,52.0,586,,,,,,,3.795,0
1787406120,local,21.9,49.0,595,,2.8,,,99,1,,0
1787406240,local,21.9,49.0,595,,2.8,,,99,1,,0
1787406360,local,21.9,49.0,595,,2.8,,,99,1,,0
1787406360,bedroom,20.7,52.0,585,,,,,,,3.794,0
1787406480,local,22.0,49.0,594,,2.8,,,99,1,,0
1787406600,local,22.0,49.0,594,,2.8,,,99,1,,0
1787406600,bedroom,20.8,52.0,585,,,,,,,3.793,0
1787406720,local,22.0,49.0,593,,2.8,,,99,1,,0
1787406840,local,22.0,48.9,593,,2.8,,,99,1,,0
1787406960,local,22.0,48.9,592,,2.8,,,98,1,,0
1787406960,bedroom,20.8,51.9,583,,,,,,,3.792,0
1787407080,local,22.0,48.9,591,,2.8,,,98,1,,0
1787407200,local,22.1,48.9,590,,2.8,,,98,1,,0
1787407200,bedroom,20.9,51.9,582,,,,,,,3.792,0
1787407320,local,22.1,48.9,589,,2.8,,,98,1,,0
1787407440,local,22.1,48.9,589,,2.8,,,98,1,,0
1787407560,local,22.1,48.8,588,,2.8,,,98,1,,0
1787407560,bedroom,20.9,51.8,579,,,,,,,3.791,0
1787407680,local,22.1,48.8,587,,2.8,,,98,1,,0
1787407800,local,22.1,48.8,585,,2.8,,,98,1,,0
1787407800,bedroom,20.9,51.8,578,,,,,,,3.790,0
1787407920,local,22.1,48.8,584,,2.8,,,98,1,,0
1787408040,local,22.2,48.8,583,,2.8,,,98,1,,0
1787408160,local,22.2,48.8,582,,2.8,,,98,1,,0
1787408160,bedroom,21.0,51.8,574,,,,,,,3.789,0
1787408280,local,22.2,48.8,580,,2.8,,,98,1,,0
1787408400,local,22.2,48.7,579,,2.8,,,98,1,,0
1787408400,bedroom,21.0,51.7,572,,,,,,,3.789,0
1787408520,local,22.2,48.7,578,,2.8,,,98,1,,0
1787408640,local,22.2,48.7,576,,2.8,,,98,1,,0
1787408760,local,22.2,48.7,574,,2.8,,,98,1,,0
1787408760,bedroom,21.0,51.7,568,,,,,,,3.788,0
1787408880,local,22.2,48.7,573,,2.8,,,97,1,,0
1787409000,local,22.2,48.7,571,,2.8,,,97,1,,0
1787409000,bedroom,21.0,51.7,565,,,,,,,3.787,0
1787409120,local,22.2,48.6,569,,2.8,,,97,1,,0
1787409240,local,22.3,48.6,567,,2.8,,,97,1,,0
1787409360,local,22.3,48.6,566,,2.8,,,97,1,,0
1787409360,bedroom,21.1,51.6,561,,,,,,,3.786,0
1787409480,local,22.3,48.6,564,,2.8,,,97,1,,0
1787409600,local,22.3,48.6,562,,2.8,,,97,1,,0
1787409600,bedroom,21.1,51.6,557,,,,,,,3.786,0
1787409720,local,22.3,48.6,560,,2.8,,,97,1,,0
1787409840,local,22.3,48.5,557,,2.8,,,97,1,,0
1787409960,local,22.3,48.5,555,,2.8,,,97,1,,0
1787409960,bedroom,21.1,51.5,552,,,,,,,3.785,0
1787410080,local,22.3,48.5,553,,2.8,,,97,1,,0
1787410200,local,22.3,48.5,551,,2.8,,,97,1,,0
1787410200,bedroom,21.1,51.5,548,,,,,,,3.784,0
1787410320,local,22.3,48.5,549,,2.8,,,97,1,,0
1787410440,local,22.3,48.4,546,,2.8,,,97,1,,0
1787410560,local,22.3,48.4,544,,2.8,,,97,1,,0
1787410560,bedroom,21.1,51.4,542,,,,,,,3.783,0
1787410680,local,22.3,48.4,541,,2.8,,,96,1,,0
1787410800,local,22.3,48.4,539,,2.8,,,96,1,,0
1787410800,bedroom,21.1,51.4,538,,,,,,,3.782,0
1787410920,local,22.3,48.4,537,,2.9,,,96,1,,0
1787411040,local,22.3,48.4,534,,2.9,,,96,1,,0
1787411160,local,22.3,48.3,531,,2.9,,,96,1,,0
1787411160,bedroom,21.1,51.3,532,,,,,,,3.782,0
1787411280,local,22.3,48.3,529,,2.9,,,96,1,,0
1787411400,local,22.3,48.3,526,,2.9,,,96,1,,0
1787411400,bedroom,21.1,51.3,527,,,,,,,3.781,0
1787411520,local,22.3,48.3,524,,2.9,,,96,1,,0
1787411640,local,22.3,48.3,521,,2.9,,,96,1,,0
1787411760,local,22.3,48.2,518,,2.9,,,96,1,,0
1787411760,bedroom,21.1,51.2,520,,,,,,,3.780,0
1787411880,local,22.3,48.2,515,,2.9,,,96,1,,0
1787412000,local,22.3,48.2,513,,2.9,,,96,1,,0
1787412000,bedroom,21.1,51.2,516,,,,,,,3.779,0
1787412120,local,22.3,48.2,510,,2.9,,,96,1,,0
1787412240,local,22.3,48.2,507,,2.9,,,96,1,,0
1787412360,local,22.3,48.2,504,,2.9,,,96,1,,0
1787412360,bedroom,21.1,51.2,509,,,,,,,3.779,0
1787412480,local,22.2,48.1,501,,2.9,,,95,1,,0
1787412600,local,22.2,48.1,499,,2.9,,,95,1,,0
1787412600,bedroom,21.0,51.1,504,,,,,,,3.778,0
1787412720,local,22.2,48.1,496,,2.9,,,95,1,,0
1787412840,local,22.2,48.1,493,,2.9,,,95,1,,0
1787412960,local,22.2,48.1,490,,2.9,,,95,1,,0
1787412960,bedroom,21.0,51.1,497,,,,,,,3.777,0
1787413080,local,22.2,48.0,487,,2.9,,,95,1,,0
1787413200,local,22.2,48.0,485,,3.0,,,95,1,,0
1787413200,bedroom,21.0,51.0,492,,,,,,,3.776,0
1787413320,local,22.2,48.0,482,,3.0,,,95,1,,0
1787413440,local,22.2,48.0,479,,3.0,,,95,1,,0
1787413560,local,22.2,48.0,476,,3.0,,,95,1,,0
1787413560,bedroom,21.0,51.0,485,,,,,,,3.775,0
1787413680,local,22.1,47.9,473,,3.0,,,95,1,,0
1787413800,local,22.1,47.9,470,,3.0,,,95,1,,0
1787413800,bedroom,20.9,50.9,480,,,,,,,3.775,0
1787413920,local,22.1,47.9,468,,3.0,,,95,1,,0
1787414040,local,22.1,47.9,465,,3.0,,,95,1,,0
1787414160,local,22.1,47.9,462,,3.0,,,95,1,,0
1787414160,bedroom,20.9,50.9,473,,,,,,,3.774,0
1787414280,local,22.1,47.8,459,,3.0,,,94,1,,0
1787414400,local,22.1,47.8,457,,3.0,,,94,1,,0
1787414400,bedroom,20.9,50.8,468,,,,,,,3.773,0
1787414520,local,22.0,47.8,454,,3.0,,,94,1,,0
1787414640,local,22.0,47.8,451,,3.0,,,94,1,,0
1787414760,local,22.0,47.8,449,,3.0,,,94,1,,0
1787414760,bedroom,20.8,50.8,462,,,,,,,3.772,0
1787414880,local,22.0,47.7,446,,3.1,,,94,1,,0
1787415000,local,22.0,47.7,444,,3.1,,,94,1,,0
1787415000,bedroom,20.8,50.7,457,,,,,,,3.772,0
1787415120,local,22.0,47.7,441,,3.1,,,94,1,,0
1787415240,local,21.9,47.7,439,,3.1,,,94,1,,0
1787415360,local,21.9,47.7,436,,3.1,,,94,1,,0
1787415360,bedroom,20.7,50.7,451,,,,,,,3.771,0
1787415480,local,21.9,47.6,434,,3.1,,,94,1,,0
1787415600,local,21.9,47.6,432,,3.1,,,94,1,,0
1787415600,bedroom,20.7,50.6,447,,,,,,,3.770,0
1787415720,local,21.9,47.6,429,,3.1,,,94,1,,0
1787415840,local,21.8,47.6,427,,3.1,,,94,1,,0
1787415960,local,21.8,47.6,425,,3.1,,,94,1,,0
1787415960,bedroom,20.6,50.6,441,,,,,,,3.769,0
1787416080,local,21.8,47.5,423,,3.1,,,93,1,,0
1787416200,local,21.8,47.5,421,,3.2,,,93,1,,0
1787416200,bedroom,20.6,50.5,438,,,,,,,3.769,0
1787416320,local,21.8,47.5,419,,3.2,,,93,1,,0
1787416440,local,21.7,47.5,417,,3.2,,,93,1,,0
1787416560,local,21.7,47.5,415,,3.2,,,93,1,,0
1787416560,bedroom,20.5,50.5,433,,,,,,,3.768,0
1787416680,local,21.7,47.4,413,,3.2,,,93,1,,0
1787416800,local,21.7,47.4,411,,3.2,,,93,1,,0
1787416800,bedroom,20.5,50.4,430,,,,,,,3.767,0
1787416920,local,21.6,47.4,410,,3.2,,,93,1,,0
1787417040,local,21.6,47.4,408,,3.2,,,93,1,,0
1787417160,local,21.6,47.4,406,,3.2,,,93,1,,0
1787417160,bedroom,20.4,50.4,425,,,,,,,3.766,0
1787417280,local,21.6,47.3,405,,3.2,,,93,1,,0
1787417400,local,21.5,47.3,403,,3.3,,,93,1,,0
1787417400,bedroom,20.3,50.3,423,,,,,,,3.766,0
1787417520,local,21.5,47.3,402,,3.3,,,93,1,,0
1787417640,local,21.5,47.3,401,,3.3,,,93,1,,0
1787417760,local,21.5,47.3,399,,3.3,,,93,1,,0
1787417760,bedroom,20.3,50.3,419,,,,,,,3.765,0
1787417880,local,21.4,47.2,398,,3.3,,,93,1,,0
1787418000,local,21.4,47.2,397,,3.3,,,92,1,,0
1787418000,bedroom,20.2,50.2,417,,,,,,,3.764,0
1787418120,local,21.4,47.2,396,,3.3,,,92,1,,0
1787418240,local,21.3,47.2,395,,3.3,,,92,1,,0
1787418360,local,21.3,47.1,394,,3.3,,,92,1,,0
1787418360,bedroom,20.1,50.1,415,,,,,,,3.763,0
1787418480,local,21.3,47.1,393,,3.4,,,92,1,,0
1787418600,local,21.3,47.1,393,,3.4,,,92,1,,0
1787418600,bedroom,20.1,50.1,414,,,,,,,3.763,0
1787418720,local,21.2,47.1,392,,3.4,,,92,1,,0
1787418840,local,21.2,47.1,391,,3.4,,,92,1,,0
1787418960,local,21.2,47.0,391,,3.4,,,92,1,,0
1787418960,bedroom,20.0,50.0,412,,,,,,,3.762,0
1787419080,local,21.1,47.0,390,,3.4,,,92,1,,0
1787419200,local,21.1,47.0,390,,3.4,,,92,1,,0
1787419200,bedroom,19.9,50.0,412,,,,,,,3.761,0
1787419320,local,21.1,47.0,390,,3.4,,,92,1,,0
1787419440,local,21.1,47.0,390,,3.4,,,92,1,,0
1787419560,local,21.0,46.9,389,,3.5,,,92,1,,0
1787419560,bedroom,19.8,49.9,411,,,,,,,3.760,0
1787419680,local,21.0,46.9,389,,3.5,,,92,1,,0
1787419800,local,21.0,46.9,389,,3.5,,,91,1,,0
1787419800,bedroom,19.8,49.9,411,,,,,,,3.760,0
1787419920,local,20.9,46.9,389,,3.5,,,91,1,,0
1787420040,local,20.9,46.8,390,,3.5,,,91,1,,0
1787420160,local,20.9,46.8,390,,3.5,,,91,1,,0
1787420160,bedroom,19.7,49.8,411,,,,,,,3.759,0
1787420280,local,20.8,46.8,390,,3.5,,,91,1,,0
1787420400,local,20.8,46.8,391,,3.5,,,91,1,,0
1787420400,bedroom,19.6,49.8,412,,,,,,,3.758,0
1787420520,local,20.8,46.8,391,,3.6,,,91,1,,0
1787420640,local,20.8,46.7,392,,3.6,,,91,1,,0
1787420760,local,20.7,46.7,392,,3.6,,,91,1,,0
1787420760,bedroom,19.5,49.7,413,,,,,,,3.757,0
1787420880,local,20.7,46.7,393,,3.6,,,91,1,,0
1787421000,local,20.7,46.7,393,,3.6,,,91,1,,0
1787421000,bedroom,19.5,49.7,414,,,,,,,3.757,0
1787421120,local,20.6,46.7,394,,3.6,,,91,1,,0
1787421240,local,20.6,46.6,395,,3.6,,,91,1,,0
1787421360,local,20.6,46.6,396,,3.6,,,91,1,,0
1787421360,bedroom,19.4,49.6,417,,,,,,,3.756,0
1787421480,local,20.5,46.6,397,,3.7,,,91,1,,0
1787421600,local,20.5,46.6,398,,3.7,,,91,1,,0
1787421600,bedroom,19.3,49.6,418,,,,,,,3.755,0
1787421720,local,20.5,46.5,399,,3.7,,,91,1,,0
1787421840,local,20.4,46.5,400,,3.7,,,90,1,,0
1787421960,local,20.4,46.5,402,,3.7,,,90,1,,0
1787421960,bedroom,19.2,49.5,421,,,,,,,3.754,0
1787422080,local,20.4,46.5,403,,3.7,,,90,1,,0
1787422200,local,20.3,46.5,404,,3.7,,,90,1,,0
1787422200,bedroom,19.1,49.5,424,,,,,,,3.753,0
1787422320,local,20.3,46.4,406,,3.7,,,90,1,,0
1787422440,local,20.3,46.4,407,,3.8,,,90,1,,0
1787422560,local,20.2,46.4,408,,3.8,,,90,1,,0
1787422560,bedroom,19.0,49.4,427,,,,,,,3.753,0
1787422680,local,20.2,46.4,410,,3.8,,,90,1,,0
1787422800,local,20.2,46.3,412,,3.8,,,90,1,,0
1787422800,bedroom,19.0,49.3,430,,,,,,,3.752,0
1787422920,local,20.2,46.3,413,,3.8,,,90,1,,0
1787423040,local,20.1,46.3,415,,3.8,,,90,1,,0
1787423160,local,20.1,46.3,416,,3.8,,,90,1,,0
1787423160,bedroom,18.9,49.3,434,,,,,,,3.751,0
1787423280,local,20.1,46.3,418,,3.8,,,90,1,,0
1787423400,local,20.0,46.2,420,,3.9,,,90,1,,0
1787423400,bedroom,18.8,49.2,437,,,,,,,3.750,0
1787423520,local,20.0,46.2,422,,3.9,,,90,1,,0
1787423640,local,20.0,46.2,424,,3.9,,,90,1,,0
1787423760,local,19.9,46.2,425,,3.9,,,90,1,,0
1787423760,bedroom,18.7,49.2,442,,,,,,,3.749,0
1787423880,local,19.9,46.1,427,,3.9,,,89,1,,0
1787424000,local,19.9,46.1,429,,3.9,,,89,1,,0
1787424000,bedroom,18.7,49.1,445,,,,,,,3.749,0
1787424120,local,19.9,46.1,431,,3.9,,,89,1,,0
1787424240,local,19.8,46.1,433,,4.0,,,89,1,,0
1787424360,local,19.8,46.1,435,,4.0,,,89,1,,0
1787424360,bedroom,18.6,49.1,450,,,,,,,3.748,0
1787424480,local,19.8,46.0,437,,4.0,,,89,1,,0
1787424600,local,19.7,46.0,439,,4.0,,,89,1,,0
1787424600,bedroom,18.5,49.0,453,,,,,,,3.747,0
1787424720,local,19.7,46.0,441,,4.0,,,89,1,,0
1787424840,local,19.7,46.0,443,,4.0,,,89,1,,0
1787424960,local,19.7,45.9,445,,4.0,,,89,1,,0
1787424960,bedroom,18.5,48.9,458,,,,,,,3.746,0
1787425080,local,19.6,45.9,447,,4.0,,,89,1,,0
1787425200,local,19.6,45.9,449,,4.1,,,89,1,,0
1787425200,bedroom,18.4,48.9,462,,,,,,,3.746,0
1787425320,local,19.6,45.9,451,,4.1,,,89,1,,0
1787425440,local,19.5,45.9,453,,4.1,,,89,1,,0
1787425560,local,19.5,45.8,455,,4.1,,,89,1,,0
1787425560,bedroom,18.3,48.8,467,,,,,,,3.745,0
1787425680,local,19.5,45.8,457,,4.1,,,89,1,,0
1787425800,local,19.5,45.8,459,,4.1,,,89,1,,0
1787425800,bedroom,18.3,48.8,470,,,,,,,3.744,0
1787425920,local,19.4,45.8,461,,4.1,,,89,1,,0
1787426040,local,19.4,45.7,463,,4.2,,,89,1,,0
1787426160,local,19.4,45.7,465,,4.2,,,88,1,,0
1787426160,bedroom,18.2,48.7,475,,,,,,,3.743,0
1787426280,local,19.4,45.7,467,,4.2,,,88,1,,0
1787426400,local,19.3,45.7,469,,4.2,,,88,1,,0
1787426400,bedroom,18.1,48.7,479,,,,,,,3.743,0
1787426520,local,19.3,45.7,471,,4.2,,,88,1,,0
1787426640,local,19.3,45.6,473,,4.2,,,88,1,,0
1787426760,local,19.3,45.6,475,,4.2,,,88,1,,0
1787426760,bedroom,18.1,48.6,483,,,,,,,3.742,0
1787426880,local,19.2,45.6,476,,4.2,,,88,1,,0
1787427000,local,19.2,45.6,478,,4.3,,,88,1,,0
1787427000,bedroom,18.0,48.6,486,,,,,,,3.741,0
1787427120,local,19.2,45.5,480,,4.3,,,88,1,,0
1787427240,local,19.2,45.5,482,,4.3,,,88,1,,0
1787427360,local,19.2,45.5,483,,4.3,,,88,1,,0
1787427360,bedroom,18.0,48.5,491,,,,,,,3.740,0
1787427480,local,19.1,45.5,485,,4.3,,,88,1,,0
1787427600,local,19.1,45.5,487,,4.3,,,88,1,,0
1787427600,bedroom,17.9,48.5,494,,,,,,,3.740,0
1787427720,local,19.1,45.4,488,,4.3,,,88,1,,0
1787427840,local,19.1,45.4,490,,4.3,,,88,1,,0
1787427960,local,19.1,45.4,491,,4.4,,,88,1,,0
1787427960,bedroom,17.9,48.4,498,,,,,,,3.739,0
1787428080,local,19.0,45.4,493,,4.4,,,88,1,,0
1787428200,local,19.0,45.3,494,,4.4,,,88,1,,0
1787428200,bedroom,17.8,48.3,500,,,,,,,3.738,0
1787428320,local,19.0,45.3,496,,4.4,,,88,1,,0
1787428440,local,19.0,45.3,497,,4.4,,,88,1,,0
1787428560,local,19.0,45.3,498,,4.4,,,88,1,,0
1787428560,bedroom,17.8,48.3,503,,,,,,,3.737,0
1787428680,local,19.0,45.3,499,,4.4,,,87,1,,0
1787428800,local,18.9,45.2,501,,4.4,,,87,1,,0
1787428800,bedroom,17.7,48.2,505,,,,,,,3.737,0
1787428920,local,18.9,45.2,502,,4.5,,,87,1,,0
1787429040,local,18.9,45.2,503,,4.5,,,87,1,,0
1787429160,local,18.9,45.2,504,,4.5,,,87,1,,0
1787429160,bedroom,17.7,48.2,508,,,,,,,3.736,0
1787429280,local,18.9,45.2,505,,4.5,,,87,1,,0
1787429400,local,18.9,45.1,506,,4.5,,,87,1,,0
1787429400,bedroom,17.7,48.1,510,,,,,,,3.735,0
1787429520,local,18.9,45.1,506,,4.5,,,87,1,,0
1787429640,local,18.8,45.1,507,,4.5,,,87,1,,0
1787429760,local,18.8,45.1,508,,4.5,,,87,1,,0
1787429760,bedroom,17.6,48.1,512,,,,,,,3.734,0
1787429880,local,18.8,45.0,509,,4.6,,,87,1,,0
1787430000,local,18.8,45.0,509,,4.6,,,87,1,,0
1787430000,bedroom,17.6,48.0,513,,,,,,,3.734,0
1787430120,local,18.8,45.0,510,,4.6,,,87,1,,0
1787430240,local,18.8,45.0,510,,4.6,,,87,1,,0
1787430360,local,18.8,45.0,511,,4.6,,,87,1,,0
1787430360,bedroom,17.6,48.0,514,,,,,,,3.733,0
1787430480,local,18.8,44.9,511,,4.6,,,87,1,,0
1787430600,local,18.8,44.9,512,,4.6,,,87,1,,0
1787430600,bedroom,17.6,47.9,515,,,,,,,3.732,0
1787430720,local,18.8,44.9,512,,4.6,,,87,1,,0
1787430840,local,18.7,44.9,512,,4.6,,,87,1,,0
1787430960,local,18.7,44.8,512,,4.7,,,87,1,,0
1787430960,bedroom,17.5,47.8,515,,,,,,,3.731,0
1787431080,local,18.7,44.8,512,,4.7,,,87,1,,0
1787431200,local,18.7,44.8,512,,4.7,,,87,1,,0
1787431200,bedroom,17.5,47.8,516,,,,,,,3.731,0
1787431320,local,18.7,44.8,512,,4.7,,,87,1,,0
1787431440,local,18.7,44.8,512,,4.7,,,87,1,,0
1787431560,local,18.7,44.7,512,,4.7,,,87,1,,0
1787431560,bedroom,17.5,47.7,515,,,,,,,3.730,0
1787431680,local,18.7,44.7,512,,4.7,,,86,1,,0
1787431800,local,18.7,44.7,512,,4.7,,,86,1,,0
1787431800,bedroom,17.5,47.7,515,,,,,,,3.729,0
1787431920,local,18.7,44.7,512,,4.7,,,86,1,,0
1787432040,local,18.7,44.7,511,,4.8,,,86,1,,0
1787432160,local,18.7,44.6,511,,4.8,,,86,1,,0
1787432160,bedroom,17.5,47.6,514,,,,,,,3.728,0
1787432280,local,18.7,44.6,510,,4.8,,,86,1,,0
1787432400,local,18.7,44.6,510,,4.8,,,86,1,,0
1787432400,bedroom,17.5,47.6,513,,,,,,,3.728,0
1787432520,local,18.7,44.6,509,,4.8,,,86,1,,0
1787432640,local,18.7,44.6,509,,4.8,,,86,1,,0
1787432760,local,18.7,44.5,508,,4.8,,,86,1,,0
1787432760,bedroom,17.5,47.5,512,,,,,,,3.727,0
1787432880,local,18.7,44.5,508,,4.8,,,86,1,,0
1787433000,local,18.7,44.5,507,,4.8,,,86,1,,0
1787433000,bedroom,17.5,47.5,511,,,,,,,3.726,0
1787433120,local,18.7,44.5,506,,4.8,,,86,1,,0
1787433240,local,18.7,44.5,505,,4.9,,,86,1,,0
1787433360,local,18.7,44.4,505,,4.9,,,86,1,,0
1787433360,bedroom,17.5,47.4,509,,,,,,,3.725,0
1787433480,local,18.7,44.4,504,,4.9,,,86,1,,0
1787433600,local,18.7,44.4,503,,4.9,,,86,1,,0
1787433600,bedroom,17.5,47.4,507,,,,,,,3.724,0
1787433720,local,18.7,44.4,502,,4.9,,,86,1,,0
1787433840,local,18.7,44.4,501,,4.9,,,86,1,,0
1787433960,local,18.7,44.3,500,,4.9,,,86,1,,0
1787433960,bedroom,17.5,47.3,505,,,,,,,3.724,0
1787434080,local,18.8,44.3,499,,4.9,,,86,1,,0
1787434200,local,18.8,44.3,498,,4.9,,,86,1,,0
1787434200,bedroom,17.6,47.3,503,,,,,,,3.723,0
1787434320,local,18.8,44.3,497,,4.9,,,86,1,,0
1787434440,local,18.8,44.2,496,,4.9,,,86,1,,0
1787434560,local,18.8,44.2,495,,5.0,,,86,1,,0
1787434560,bedroom,17.6,47.2,500,,,,,,,3.722,0
1787434680,local,18.8,44.2,494,,5.0,,,86,1,,0
1787434800,local,18.8,44.2,492,,5.0,,,86,1,,0
1787434800,bedroom,17.6,47.2,499,,,,,,,3.721,0
1787434920,local,18.8,44.2,491,,5.0,,,86,1,,0
1787435040,local,18.8,44.2,490,,5.0,,,86,1,,0
1787435160,local,18.8,44.1,489,,5.0,,,86,1,,0
1787435160,bedroom,17.6,47.1,496,,,,,,,3.720,0
1787435280,local,18.9,44.1,488,,5.0,,,86,1,,0
1787435400,local,18.9,44.1,487,,5.0,,,86,1,,0
1787435400,bedroom,17.7,47.1,494,,,,,,,3.720,0
1787435520,local,18.9,44.1,485,,5.0,,,86,1,,0
1787435640,local,18.9,44.1,484,,5.0,,,86,1,,0
1787435760,local,18.9,44.0,483,,5.0,,,86,1,,0
1787435760,bedroom,17.7,47.0,491,,,,,,,3.719,0
1787435880,local,18.9,44.0,482,,5.0,,,86,1,,0
1787436000,local,18.9,44.0,481,,5.0,,,85,1,,0
1787436000,bedroom,17.7,47.0,489,,,,,,,3.718,0
1787436120,local,19.0,44.0,480,,5.0,,,85,1,,0
1787436240,local,19.0,44.0,478,,5.1,,,85,1,,0
1787436360,local,19.0,43.9,477,,5.1,,,85,1,,0
1787436360,bedroom,17.8,46.9,486,,,,,,,3.717,0
1787436480,local,19.0,43.9,476,,5.1,,,85,1,,0
1787436600,local,19.0,43.9,475,,5.1,,,85,1,,0
1787436600,bedroom,17.8,46.9,484,,,,,,,3.717,0
1787436720,local,19.0,43.9,474,,5.1,,,85,1,,0
1787436840,local,19.1,43.9,473,,5.1,,,85,1,,0
1787436960,local,19.1,43.8,472,,5.1,,,85,1,,0
1787436960,bedroom,17.9,46.8,481,,,,,,,3.716,0
1787437080,local,19.1,43.8,471,,5.1,,,85,1,,0
1787437200,local,19.1,43.8,470,,5.1,,,85,1,,0
1787437200,bedroom,17.9,46.8,479,,,,,,,3.715,0
1787437320,local,19.1,43.8,469,,5.1,,,85,1,,0
1787437440,local,19.2,43.8,468,,5.1,,,85,1,,0
1787437560,local,19.2,43.8,467,,5.1,,,85,1,,0
1787437560,bedroom,18.0,46.8,477,,,,,,,3.714,0
1787437680,local,19.2,43.7,466,,5.1,,,85,1,,0
1787437800,local,19.2,43.7,465,,5.1,,,85,1,,0
1787437800,bedroom,18.0,46.7,475,,,,,,,3.714,0
1787437920,local,19.2,43.7,464,,5.1,,,85,1,,0
1787438040,local,19.3,43.7,464,,5.1,,,85,1,,0
1787438160,local,19.3,43.7,463,,5.1,,,85,1,,0
1787438160,bedroom,18.1,46.7,473,,,,,,,3.713,0
1787438280,local,19.3,43.6,462,,5.1,,,85,1,,0
1787438400,local,19.3,43.6,462,,5.1,,,85,1,,0
1787438400,bedroom,18.1,46.6,472,,,,,,,3.712,0
1787438520,local,19.4,43.6,461,,5.2,,,85,1,,0
1787438640,local,19.4,43.6,460,,5.2,,,85,1,,0
1787438760,local,19.4,43.6,460,,5.2,,,85,1,,0
1787438760,bedroom,18.2,46.6,471,,,,,,,3.711,0
1787438880,local,19.4,43.6,459,,5.2,,,85,1,,0
1787439000,local,19.5,43.5,459,,5.2,,,85,1,,0
1787439000,bedroom,18.3,46.5,470,,,,,,,3.711,0
1787439120,local,19.5,43.5,459,,5.2,,,85,1,,0
1787439240,local,19.5,43.5,459,,5.2,,,85,1,,0
1787439360,local,19.5,43.5,458,,5.2,,,85,1,,0
1787439360,bedroom,18.3,46.5,470,,,,,,,3.710,0
1787439480,local,19.6,43.5,458,,5.2,,,85,1,,0
1787439600,local,19.6,43.4,458,,5.2,,,85,1,,0
1787439600,bedroom,18.4,46.4,469,,,,,,,3.709,0
1787439720,local,19.6,43.4,458,,5.2,,,85,1,,0
1787439840,local,19.7,43.4,458,,5.2,,,85,1,,0
1787439960,local,19.7,43.4,458,,5.2,,,85,1,,0
1787439960,bedroom,18.5,46.4,469,,,,,,,3.708,0
1787440080,local,19.7,43.4,458,,5.2,,,85,1,,0
1787440200,local,19.7,43.4,459,,5.2,,,85,1,,0
1787440200,bedroom,18.5,46.4,470,,,,,,,3.708,0
1787440320,local,19.8,43.3,459,,5.2,,,85,1,,0
1787440440,local,19.8,43.3,459,,5.2,,,85,1,,0
1787440560,local,19.8,43.3,460,,5.2,,,85,1,,0
1787440560,bedroom,18.6,46.3,471,,,,,,,3.707,0
1787440680,local,19.9,43.3,460,,5.2,,,85,1,,0
1787440800,local,19.9,43.3,461,,5.2,,,85,1,,0
1787440800,bedroom,18.7,46.3,472,,,,,,,3.706,0
1787440920,local,19.9,43.3,461,,5.2,,,85,1,,0
1787441040,local,19.9,43.2,462,,5.2,,,85,1,,0
1787441160,local,20.0,43.2,463,,5.2,,,85,1,,0
1787441160,bedroom,18.8,46.2,473,,,,,,,3.705,0
1787441280,local,20.0,43.2,464,,5.2,,,85,1,,0
1787441400,local,20.0,43.2,465,,5.2,,,85,1,,0
1787441400,bedroom,18.8,46.2,475,,,,,,,3.705,0
1787441520,local,20.1,43.2,466,,5.2,,,85,1,,0
1787441640,local,20.1,43.2,467,,5.2,,,85,1,,0
1787441760,local,20.1,43.2,468,,5.2,,,85,1,,0
1787441760,bedroom,18.9,46.2,478,,,,,,,3.704,0
1787441880,local,20.2,43.1,469,,5.2,,,85,1,,0
1787442000,local,20.2,43.1,470,,5.2,,,85,1,,0
1787442000,bedroom,19.0,46.1,480,,,,,,,3.703,0
1787442120,local,20.2,43.1,471,,5.2,,,85,1,,0
1787442240,local,20.2,43.1,473,,5.2,,,85,1,,0
1787442360,local,20.3,43.1,474,,5.2,,,85,1,,0
1787442360,bedroom,19.1,46.1,483,,,,,,,3.702,0
1787442480,local,20.3,43.1,476,,5.2,,,85,1,,0
1787442600,local,20.3,43.0,478,,5.2,,,85,1,,0
1787442600,bedroom,19.1,46.0,486,,,,,,,3.702,0
1787442720,local,20.4,43.0,479,,5.2,,,85,1,,0
1787442840,local,20.4,43.0,481,,5.2,,,85,1,,0
1787442960,local,20.4,43.0,483,,5.2,,,85,1,,0
1787442960,bedroom,19.2,46.0,490,,,,,,,3.701,0
1787443080,local,20.5,43.0,485,,5.2,,,85,1,,0
